-- ============================================================================
-- TransitOps Comprehensive Seed Data File
-- Contains 70 realistic, human-curated records for EVERY table (except roles which stays at 4)
-- Compatible with SQLite & PostgreSQL
-- ============================================================================

PRAGMA foreign_keys = ON;

-- ============================================================================
-- 1. ROLES (Exactly 4 Default PRD Records - DO NOT CHANGE)
-- ============================================================================
INSERT OR IGNORE INTO roles (id, name, description) VALUES
(1, 'Fleet Manager', 'Manage vehicles, driver registry, and maintenance logs. Full CRUD access.'),
(2, 'Driver / Dispatcher', 'Manage trips, update trip status, record final odometer readings, and log trip expenses.'),
(3, 'Safety Officer', 'Ensure compliance, track driver licenses, safety scores, and suspend/reactivate drivers.'),
(4, 'Financial Analyst', 'Access reports and analytics dashboards, monitor fuel logs, expenses, and vehicle ROI.');

-- ============================================================================
-- 2. USERS (70 Records)
-- Staff accounts across various roles with realistic human names
-- ============================================================================
INSERT OR IGNORE INTO users (id, email, password_hash, role_id, name) VALUES
(1, 'robert.miller@transitops.com', '$2b$12$KixuRqvFh.h4n/P8.qLp.eO8W9k4T6V1X7J8L9M0N1P2Q3R4S5T6u', 1, 'Robert Miller'),
(2, 'sarah.jenkins@transitops.com', '$2b$12$KixuRqvFh.h4n/P8.qLp.eO8W9k4T6V1X7J8L9M0N1P2Q3R4S5T6u', 1, 'Sarah Jenkins'),
(3, 'david.chen@transitops.com', '$2b$12$KixuRqvFh.h4n/P8.qLp.eO8W9k4T6V1X7J8L9M0N1P2Q3R4S5T6u', 2, 'David Chen'),
(4, 'emily.rodriguez@transitops.com', '$2b$12$KixuRqvFh.h4n/P8.qLp.eO8W9k4T6V1X7J8L9M0N1P2Q3R4S5T6u', 2, 'Emily Rodriguez'),
(5, 'michael.chang@transitops.com', '$2b$12$KixuRqvFh.h4n/P8.qLp.eO8W9k4T6V1X7J8L9M0N1P2Q3R4S5T6u', 3, 'Michael Chang'),
(6, 'jessica.taylor@transitops.com', '$2b$12$KixuRqvFh.h4n/P8.qLp.eO8W9k4T6V1X7J8L9M0N1P2Q3R4S5T6u', 3, 'Jessica Taylor'),
(7, 'william.anderson@transitops.com', '$2b$12$KixuRqvFh.h4n/P8.qLp.eO8W9k4T6V1X7J8L9M0N1P2Q3R4S5T6u', 4, 'William Anderson'),
(8, 'samantha.patel@transitops.com', '$2b$12$KixuRqvFh.h4n/P8.qLp.eO8W9k4T6V1X7J8L9M0N1P2Q3R4S5T6u', 4, 'Samantha Patel'),
(9, 'james.wilson@transitops.com', '$2b$12$KixuRqvFh.h4n/P8.qLp.eO8W9k4T6V1X7J8L9M0N1P2Q3R4S5T6u', 1, 'James Wilson'),
(10, 'elizabeth.thomas@transitops.com', '$2b$12$KixuRqvFh.h4n/P8.qLp.eO8W9k4T6V1X7J8L9M0N1P2Q3R4S5T6u', 2, 'Elizabeth Thomas'),
(11, 'daniel.martinez@transitops.com', '$2b$12$KixuRqvFh.h4n/P8.qLp.eO8W9k4T6V1X7J8L9M0N1P2Q3R4S5T6u', 2, 'Daniel Martinez'),
(12, 'laura.hernandez@transitops.com', '$2b$12$KixuRqvFh.h4n/P8.qLp.eO8W9k4T6V1X7J8L9M0N1P2Q3R4S5T6u', 3, 'Laura Hernandez'),
(13, 'christopher.lee@transitops.com', '$2b$12$KixuRqvFh.h4n/P8.qLp.eO8W9k4T6V1X7J8L9M0N1P2Q3R4S5T6u', 1, 'Christopher Lee'),
(14, 'amanda.white@transitops.com', '$2b$12$KixuRqvFh.h4n/P8.qLp.eO8W9k4T6V1X7J8L9M0N1P2Q3R4S5T6u', 2, 'Amanda White'),
(15, 'matthew.harris@transitops.com', '$2b$12$KixuRqvFh.h4n/P8.qLp.eO8W9k4T6V1X7J8L9M0N1P2Q3R4S5T6u', 3, 'Matthew Harris'),
(16, 'stephanie.clark@transitops.com', '$2b$12$KixuRqvFh.h4n/P8.qLp.eO8W9k4T6V1X7J8L9M0N1P2Q3R4S5T6u', 4, 'Stephanie Clark'),
(17, 'joshua.lewis@transitops.com', '$2b$12$KixuRqvFh.h4n/P8.qLp.eO8W9k4T6V1X7J8L9M0N1P2Q3R4S5T6u', 4, 'Joshua Lewis'),
(18, 'megan.walker@transitops.com', '$2b$12$KixuRqvFh.h4n/P8.qLp.eO8W9k4T6V1X7J8L9M0N1P2Q3R4S5T6u', 2, 'Megan Walker'),
(19, 'andrew.hall@transitops.com', '$2b$12$KixuRqvFh.h4n/P8.qLp.eO8W9k4T6V1X7J8L9M0N1P2Q3R4S5T6u', 1, 'Andrew Hall'),
(20, 'rachel.allen@transitops.com', '$2b$12$KixuRqvFh.h4n/P8.qLp.eO8W9k4T6V1X7J8L9M0N1P2Q3R4S5T6u', 4, 'Rachel Allen'),
(21, 'brian.king@transitops.com', '$2b$12$KixuRqvFh.h4n/P8.qLp.eO8W9k4T6V1X7J8L9M0N1P2Q3R4S5T6u', 2, 'Brian King'),
(22, 'kelly.wright@transitops.com', '$2b$12$KixuRqvFh.h4n/P8.qLp.eO8W9k4T6V1X7J8L9M0N1P2Q3R4S5T6u', 3, 'Kelly Wright'),
(23, 'kevin.scott@transitops.com', '$2b$12$KixuRqvFh.h4n/P8.qLp.eO8W9k4T6V1X7J8L9M0N1P2Q3R4S5T6u', 1, 'Kevin Scott'),
(24, 'ashley.torres@transitops.com', '$2b$12$KixuRqvFh.h4n/P8.qLp.eO8W9k4T6V1X7J8L9M0N1P2Q3R4S5T6u', 2, 'Ashley Torres'),
(25, 'justin.nguyen@transitops.com', '$2b$12$KixuRqvFh.h4n/P8.qLp.eO8W9k4T6V1X7J8L9M0N1P2Q3R4S5T6u', 4, 'Justin Nguyen'),
(26, 'kimberly.hill@transitops.com', '$2b$12$KixuRqvFh.h4n/P8.qLp.eO8W9k4T6V1X7J8L9M0N1P2Q3R4S5T6u', 3, 'Kimberly Hill'),
(27, 'branden.flores@transitops.com', '$2b$12$KixuRqvFh.h4n/P8.qLp.eO8W9k4T6V1X7J8L9M0N1P2Q3R4S5T6u', 2, 'Branden Flores'),
(28, 'melissa.green@transitops.com', '$2b$12$KixuRqvFh.h4n/P8.qLp.eO8W9k4T6V1X7J8L9M0N1P2Q3R4S5T6u', 4, 'Melissa Green'),
(29, 'eric.adams@transitops.com', '$2b$12$KixuRqvFh.h4n/P8.qLp.eO8W9k4T6V1X7J8L9M0N1P2Q3R4S5T6u', 1, 'Eric Adams'),
(30, 'rebecca.nelson@transitops.com', '$2b$12$KixuRqvFh.h4n/P8.qLp.eO8W9k4T6V1X7J8L9M0N1P2Q3R4S5T6u', 2, 'Rebecca Nelson'),
(31, 'stephen.baker@transitops.com', '$2b$12$KixuRqvFh.h4n/P8.qLp.eO8W9k4T6V1X7J8L9M0N1P2Q3R4S5T6u', 2, 'Stephen Baker'),
(32, 'lauren.hall@transitops.com', '$2b$12$KixuRqvFh.h4n/P8.qLp.eO8W9k4T6V1X7J8L9M0N1P2Q3R4S5T6u', 3, 'Lauren Hall'),
(33, 'jason.rivera@transitops.com', '$2b$12$KixuRqvFh.h4n/P8.qLp.eO8W9k4T6V1X7J8L9M0N1P2Q3R4S5T6u', 1, 'Jason Rivera'),
(34, 'cynthia.campbell@transitops.com', '$2b$12$KixuRqvFh.h4n/P8.qLp.eO8W9k4T6V1X7J8L9M0N1P2Q3R4S5T6u', 4, 'Cynthia Campbell'),
(35, 'jeffrey.mitchell@transitops.com', '$2b$12$KixuRqvFh.h4n/P8.qLp.eO8W9k4T6V1X7J8L9M0N1P2Q3R4S5T6u', 2, 'Jeffrey Mitchell'),
(36, 'samantha.carter@transitops.com', '$2b$12$KixuRqvFh.h4n/P8.qLp.eO8W9k4T6V1X7J8L9M0N1P2Q3R4S5T6u', 3, 'Samantha Carter'),
(37, 'ryan.roberts@transitops.com', '$2b$12$KixuRqvFh.h4n/P8.qLp.eO8W9k4T6V1X7J8L9M0N1P2Q3R4S5T6u', 2, 'Ryan Roberts'),
(38, 'heather.gomez@transitops.com', '$2b$12$KixuRqvFh.h4n/P8.qLp.eO8W9k4T6V1X7J8L9M0N1P2Q3R4S5T6u', 4, 'Heather Gomez'),
(39, 'gary.phillips@transitops.com', '$2b$12$KixuRqvFh.h4n/P8.qLp.eO8W9k4T6V1X7J8L9M0N1P2Q3R4S5T6u', 1, 'Gary Phillips'),
(40, 'amy.evans@transitops.com', '$2b$12$KixuRqvFh.h4n/P8.qLp.eO8W9k4T6V1X7J8L9M0N1P2Q3R4S5T6u', 2, 'Amy Evans'),
(41, 'timothy.turner@transitops.com', '$2b$12$KixuRqvFh.h4n/P8.qLp.eO8W9k4T6V1X7J8L9M0N1P2Q3R4S5T6u', 2, 'Timothy Turner'),
(42, 'michelle.diaz@transitops.com', '$2b$12$KixuRqvFh.h4n/P8.qLp.eO8W9k4T6V1X7J8L9M0N1P2Q3R4S5T6u', 3, 'Michelle Diaz'),
(43, 'jose.parker@transitops.com', '$2b$12$KixuRqvFh.h4n/P8.qLp.eO8W9k4T6V1X7J8L9M0N1P2Q3R4S5T6u', 1, 'Jose Parker'),
(44, 'angela.cruz@transitops.com', '$2b$12$KixuRqvFh.h4n/P8.qLp.eO8W9k4T6V1X7J8L9M0N1P2Q3R4S5T6u', 4, 'Angela Cruz'),
(45, 'larry.edwards@transitops.com', '$2b$12$KixuRqvFh.h4n/P8.qLp.eO8W9k4T6V1X7J8L9M0N1P2Q3R4S5T6u', 2, 'Larry Edwards'),
(46, 'sharon.collins@transitops.com', '$2b$12$KixuRqvFh.h4n/P8.qLp.eO8W9k4T6V1X7J8L9M0N1P2Q3R4S5T6u', 3, 'Sharon Collins'),
(47, 'scott.stewart@transitops.com', '$2b$12$KixuRqvFh.h4n/P8.qLp.eO8W9k4T6V1X7J8L9M0N1P2Q3R4S5T6u', 2, 'Scott Stewart'),
(48, 'brenda.sanchez@transitops.com', '$2b$12$KixuRqvFh.h4n/P8.qLp.eO8W9k4T6V1X7J8L9M0N1P2Q3R4S5T6u', 4, 'Brenda Sanchez'),
(49, 'eric.morris@transitops.com', '$2b$12$KixuRqvFh.h4n/P8.qLp.eO8W9k4T6V1X7J8L9M0N1P2Q3R4S5T6u', 1, 'Eric Morris'),
(50, 'pamela.rogers@transitops.com', '$2b$12$KixuRqvFh.h4n/P8.qLp.eO8W9k4T6V1X7J8L9M0N1P2Q3R4S5T6u', 2, 'Pamela Rogers'),
(51, 'raymond.reed@transitops.com', '$2b$12$KixuRqvFh.h4n/P8.qLp.eO8W9k4T6V1X7J8L9M0N1P2Q3R4S5T6u', 2, 'Raymond Reed'),
(52, 'catherine.cook@transitops.com', '$2b$12$KixuRqvFh.h4n/P8.qLp.eO8W9k4T6V1X7J8L9M0N1P2Q3R4S5T6u', 3, 'Catherine Cook'),
(53, 'gregory.morgan@transitops.com', '$2b$12$KixuRqvFh.h4n/P8.qLp.eO8W9k4T6V1X7J8L9M0N1P2Q3R4S5T6u', 1, 'Gregory Morgan'),
(54, 'debra.bell@transitops.com', '$2b$12$KixuRqvFh.h4n/P8.qLp.eO8W9k4T6V1X7J8L9M0N1P2Q3R4S5T6u', 4, 'Debra Bell'),
(55, 'alexander.murphy@transitops.com', '$2b$12$KixuRqvFh.h4n/P8.qLp.eO8W9k4T6V1X7J8L9M0N1P2Q3R4S5T6u', 2, 'Alexander Murphy'),
(56, 'janet.bailey@transitops.com', '$2b$12$KixuRqvFh.h4n/P8.qLp.eO8W9k4T6V1X7J8L9M0N1P2Q3R4S5T6u', 3, 'Janet Bailey'),
(57, 'patrick.cooper@transitops.com', '$2b$12$KixuRqvFh.h4n/P8.qLp.eO8W9k4T6V1X7J8L9M0N1P2Q3R4S5T6u', 2, 'Patrick Cooper'),
(58, 'carolyn.richardson@transitops.com', '$2b$12$KixuRqvFh.h4n/P8.qLp.eO8W9k4T6V1X7J8L9M0N1P2Q3R4S5T6u', 4, 'Carolyn Richardson'),
(59, 'jack.cox@transitops.com', '$2b$12$KixuRqvFh.h4n/P8.qLp.eO8W9k4T6V1X7J8L9M0N1P2Q3R4S5T6u', 1, 'Jack Cox'),
(60, 'christine.howard@transitops.com', '$2b$12$KixuRqvFh.h4n/P8.qLp.eO8W9k4T6V1X7J8L9M0N1P2Q3R4S5T6u', 2, 'Christine Howard'),
(61, 'dennis.ward@transitops.com', '$2b$12$KixuRqvFh.h4n/P8.qLp.eO8W9k4T6V1X7J8L9M0N1P2Q3R4S5T6u', 2, 'Dennis Ward'),
(62, 'marie.peterson@transitops.com', '$2b$12$KixuRqvFh.h4n/P8.qLp.eO8W9k4T6V1X7J8L9M0N1P2Q3R4S5T6u', 3, 'Marie Peterson'),
(63, 'tyler.gray@transitops.com', '$2b$12$KixuRqvFh.h4n/P8.qLp.eO8W9k4T6V1X7J8L9M0N1P2Q3R4S5T6u', 1, 'Tyler Gray'),
(64, 'frances.ramirez@transitops.com', '$2b$12$KixuRqvFh.h4n/P8.qLp.eO8W9k4T6V1X7J8L9M0N1P2Q3R4S5T6u', 4, 'Frances Ramirez'),
(65, 'aaron.james@transitops.com', '$2b$12$KixuRqvFh.h4n/P8.qLp.eO8W9k4T6V1X7J8L9M0N1P2Q3R4S5T6u', 2, 'Aaron James'),
(66, 'ann.watson@transitops.com', '$2b$12$KixuRqvFh.h4n/P8.qLp.eO8W9k4T6V1X7J8L9M0N1P2Q3R4S5T6u', 3, 'Ann Watson'),
(67, 'henry.brooks@transitops.com', '$2b$12$KixuRqvFh.h4n/P8.qLp.eO8W9k4T6V1X7J8L9M0N1P2Q3R4S5T6u', 2, 'Henry Brooks'),
(68, 'alice.kelly@transitops.com', '$2b$12$KixuRqvFh.h4n/P8.qLp.eO8W9k4T6V1X7J8L9M0N1P2Q3R4S5T6u', 4, 'Alice Kelly'),
(69, 'douglas.sanders@transitops.com', '$2b$12$KixuRqvFh.h4n/P8.qLp.eO8W9k4T6V1X7J8L9M0N1P2Q3R4S5T6u', 1, 'Douglas Sanders'),
(70, 'jean.price@transitops.com', '$2b$12$KixuRqvFh.h4n/P8.qLp.eO8W9k4T6V1X7J8L9M0N1P2Q3R4S5T6u', 2, 'Jean Price');

-- ============================================================================
-- 3. VEHICLES (70 Records)
-- Diverse commercial fleet with realistic capacities, odometers & statuses
-- ============================================================================
INSERT OR IGNORE INTO vehicles (registration_number, model, type, max_load_capacity, odometer, acquisition_cost, status) VALUES
('TRK-9010-NY', 'Freightliner Cascadia 126', 'Truck', 22000.00, 145230.50, 165000.00, 'Available'),
('TRK-9011-CA', 'Volvo VNL 860 Sleeper', 'Truck', 21500.00, 189400.20, 172000.00, 'On Trip'),
('TRK-9012-TX', 'Kenworth T680 Next Gen', 'Truck', 23000.00, 89120.00, 180000.00, 'On Trip'),
('TRK-9013-FL', 'Peterbilt 579 UltraLoft', 'Truck', 22500.00, 210500.80, 168000.00, 'In Shop'),
('TRK-9014-IL', 'International LT625', 'Truck', 20000.00, 312000.00, 145000.00, 'Available'),
('TRK-9015-PA', 'Freightliner Cascadia 116', 'Truck', 21000.00, 112000.00, 160000.00, 'Available'),
('TRK-9016-OH', 'Volvo VNL 760', 'Truck', 22000.00, 95000.00, 168000.00, 'On Trip'),
('TRK-9017-GA', 'Kenworth T880 Heavy Haul', 'Truck', 25000.00, 142000.00, 185000.00, 'Available'),
('TRK-9018-NC', 'Peterbilt 389 Extended', 'Truck', 24000.00, 260000.00, 175000.00, 'In Shop'),
('TRK-9019-MI', 'International RH Series', 'Truck', 19500.00, 180000.00, 140000.00, 'Available'),
('TRK-9020-VA', 'Mack Anthem 70-Inch Sleeper', 'Truck', 22000.00, 130000.00, 162000.00, 'On Trip'),
('TRK-9021-WA', 'Western Star 5700XE', 'Truck', 23000.00, 165000.00, 170000.00, 'Available'),
('TRK-9022-AZ', 'Freightliner eCascadia Electric', 'Truck', 20000.00, 35000.00, 220000.00, 'Available'),
('TRK-9023-CO', 'Volvo VNR Electric Heavy', 'Truck', 19000.00, 42000.00, 215000.00, 'On Trip'),
('TRK-9024-TN', 'Kenworth W990 Long Hood', 'Truck', 24500.00, 195000.00, 182000.00, 'Available'),
('TRK-9025-IN', 'Peterbilt 567 Heritage', 'Truck', 23500.00, 155000.00, 174000.00, 'In Shop'),
('TRK-9026-MO', 'Mack Pinnacle Day Cab', 'Truck', 21000.00, 220000.00, 148000.00, 'Available'),
('TRK-9027-MD', 'Freightliner Cascadia Evolution', 'Truck', 22000.00, 280000.00, 152000.00, 'Retired'),
('TRK-9028-WI', 'Volvo VNL 300 Day Cab', 'Truck', 20500.00, 140000.00, 150000.00, 'Available'),
('TRK-9029-MN', 'International LoneStar Custom', 'Truck', 23000.00, 110000.00, 178000.00, 'On Trip'),
('VAN-4020-NY', 'Ford Transit 350 High Roof', 'Van', 2100.00, 45210.30, 52000.00, 'Available'),
('VAN-4021-CA', 'Mercedes-Benz Sprinter 2500', 'Van', 2250.00, 62100.00, 58000.00, 'On Trip'),
('VAN-4022-TX', 'Ram ProMaster 3500 Ext', 'Van', 2150.00, 38450.70, 49000.00, 'Available'),
('VAN-4023-WA', 'Chevrolet Express Cargo 3500', 'Van', 1980.00, 115600.00, 44000.00, 'In Shop'),
('VAN-4024-GA', 'Nissan NV3500 HD Cargo', 'Van', 2020.00, 94200.40, 46000.00, 'Available'),
('VAN-4025-PA', 'Ford E-Transit Electric High Roof', 'Van', 1850.00, 18000.00, 62000.00, 'Available'),
('VAN-4026-OH', 'Mercedes-Benz eSprinter Cargo', 'Van', 2000.00, 22000.00, 65000.00, 'On Trip'),
('VAN-4027-FL', 'Ram ProMaster EV Delivery', 'Van', 1900.00, 15000.00, 59000.00, 'Available'),
('VAN-4028-NC', 'Ford Transit Connect Long Wheelbase', 'Van', 1400.00, 85000.00, 38000.00, 'Available'),
('VAN-4029-MI', 'GMC Savana Cargo 3500', 'Van', 2050.00, 130000.00, 45000.00, 'In Shop'),
('VAN-4030-VA', 'Mercedes-Benz Sprinter 3500XD Dual', 'Van', 2800.00, 75000.00, 64000.00, 'On Trip'),
('VAN-4031-AZ', 'Ford Transit 250 Medium Roof', 'Van', 1950.00, 54000.00, 48000.00, 'Available'),
('VAN-4032-CO', 'Ram ProMaster 2500 High Roof', 'Van', 2000.00, 68000.00, 47000.00, 'Available'),
('VAN-4033-TN', 'Chevrolet Express 2500 Work Van', 'Van', 1800.00, 142000.00, 41000.00, 'Retired'),
('VAN-4034-IN', 'Nissan NV2500 Standard Roof', 'Van', 1750.00, 118000.00, 42000.00, 'Available'),
('VAN-4035-MO', 'Rivian EDV 700 Delivery Van', 'Van', 2300.00, 12000.00, 72000.00, 'On Trip'),
('VAN-4036-MD', 'BrightDrop Zevo 600 Electric', 'Van', 2200.00, 19000.00, 70000.00, 'Available'),
('VAN-4037-WI', 'Ford Transit 350 AWD High Roof', 'Van', 2150.00, 49000.00, 55000.00, 'Available'),
('VAN-4038-MN', 'Mercedes-Benz Sprinter 2500 4x4', 'Van', 2200.00, 58000.00, 61000.00, 'In Shop'),
('VAN-4039-SC', 'Ram ProMaster City Cargo', 'Van', 1300.00, 92000.00, 34000.00, 'Available'),
('REF-7030-OH', 'Utility 3000R Refrigerated Trailer', 'Refrigerated Truck', 19500.00, 128900.00, 135000.00, 'Available'),
('REF-7031-MI', 'Great Dane Everest Reefer', 'Refrigerated Truck', 20000.00, 174300.00, 142000.00, 'On Trip'),
('REF-7032-PA', 'Wabash National ArcticLite', 'Refrigerated Truck', 19000.00, 85600.00, 138000.00, 'Available'),
('REF-7033-GA', 'Utility 3000R Multi-Temp Reefer', 'Refrigerated Truck', 19800.00, 64000.00, 140000.00, 'On Trip'),
('REF-7034-FL', 'Great Dane SuperSeal Cold Chain', 'Refrigerated Truck', 20200.00, 115000.00, 144000.00, 'Available'),
('REF-7035-NC', 'Wabash National Premier Reefer', 'Refrigerated Truck', 19200.00, 142000.00, 137000.00, 'In Shop'),
('REF-7036-TX', 'Kidron Ultra Refrigerated Body', 'Refrigerated Truck', 18500.00, 98000.00, 132000.00, 'Available'),
('REF-7037-CA', 'Morgan Cold Star Reefer Truck', 'Refrigerated Truck', 19000.00, 130000.00, 134000.00, 'On Trip'),
('REF-7038-NY', 'Supreme Kold King Insulated Box', 'Refrigerated Truck', 18800.00, 160000.00, 130000.00, 'Available'),
('REF-7039-IL', 'Utility 3000R Cryogenic Trailer', 'Refrigerated Truck', 19600.00, 78000.00, 145000.00, 'Available'),
('FLT-5040-AZ', 'Fontaine Revolution Flatbed', 'Flatbed', 24000.00, 162100.00, 95000.00, 'On Trip'),
('FLT-5041-CO', 'Transcraft Eagle W-2 Flatbed', 'Flatbed', 23500.00, 198400.00, 92000.00, 'Available'),
('FLT-5042-UT', 'East Genesis Aluminum Flatbed', 'Flatbed', 24500.00, 110000.00, 98000.00, 'Available'),
('FLT-5043-NV', 'Benson International Aluminum Drop', 'Flatbed', 23800.00, 134000.00, 94000.00, 'On Trip'),
('FLT-5044-OR', 'Reitnouer MaxCess Drop Deck', 'Flatbed', 25000.00, 89000.00, 102000.00, 'Available'),
('FLT-5045-ID', 'Manac Darkwing Steel Flatbed', 'Flatbed', 23000.00, 215000.00, 88000.00, 'In Shop'),
('FLT-5046-MT', 'Fontaine Velocity Steel/Aluminum', 'Flatbed', 24200.00, 145000.00, 96000.00, 'Available'),
('FLT-5047-WY', 'Doonan Chaparral Heavy Flatbed', 'Flatbed', 24800.00, 175000.00, 99000.00, 'On Trip'),
('FLT-5048-NM', 'Chapman Heavy Haul Step Deck', 'Flatbed', 25500.00, 65000.00, 105000.00, 'Available'),
('FLT-5049-KS', 'Lufkin Roadrailer Flatbed', 'Flatbed', 23200.00, 230000.00, 86000.00, 'Retired'),
('SDN-1050-NY', 'Toyota Camry Hybrid Executive', 'Sedan', 450.00, 24100.00, 31000.00, 'Available'),
('SDN-1051-CA', 'Honda Accord Touring', 'Sedan', 460.00, 41200.00, 33000.00, 'On Trip'),
('SDN-1052-TX', 'Tesla Model 3 Long Range', 'Sedan', 440.00, 18500.00, 42000.00, 'Available'),
('SDN-1053-FL', 'Chevrolet Malibu LT Fleet', 'Sedan', 430.00, 65000.00, 26000.00, 'Available'),
('SDN-1054-IL', 'Hyundai Sonata Hybrid Blue', 'Sedan', 450.00, 32000.00, 29000.00, 'On Trip'),
('SDN-1055-PA', 'Ford Fusion Energi Plug-In', 'Sedan', 420.00, 88000.00, 28000.00, 'In Shop'),
('SDN-1056-OH', 'Nissan Altima SV AWD', 'Sedan', 440.00, 54000.00, 27500.00, 'Available'),
('SDN-1057-GA', 'Kia K5 EX Commercial', 'Sedan', 450.00, 29000.00, 28500.00, 'Available'),
('SDN-1058-NC', 'Subaru Legacy Premium AWD', 'Sedan', 460.00, 47000.00, 30000.00, 'On Trip'),
('SDN-1059-MI', 'Volkswagen Passat SE Fleet', 'Sedan', 450.00, 72000.00, 27000.00, 'Available');

-- ============================================================================
-- 4. DRIVERS (70 Records)
-- Professional drivers with realistic licenses, categories, scores & statuses
-- ============================================================================
INSERT OR IGNORE INTO drivers (id, name, license_number, license_category, license_expiry_date, contact_number, safety_score, status) VALUES
(1, 'Johnathan Vance', 'CDL-803040-NY', 'Class A', '2028-05-14', '+1 (555) 019-2831', 98, 'Available'),
(2, 'Marcus Brody', 'CDL-803041-CA', 'Class A', '2027-11-20', '+1 (555) 019-2832', 92, 'On Trip'),
(3, 'Teresa Lisbon', 'CDL-803042-TX', 'Class B', '2029-02-18', '+1 (555) 019-2833', 100, 'On Trip'),
(4, 'Raymond Reddington', 'CDL-803043-FL', 'Class A', '2026-09-30', '+1 (555) 019-2834', 85, 'Off Duty'),
(5, 'Donald Ressler', 'CDL-803044-IL', 'Class A', '2028-07-12', '+1 (555) 019-2835', 94, 'Available'),
(6, 'Samar Navabi', 'CDL-803045-OH', 'Class B', '2027-04-25', '+1 (555) 019-2836', 88, 'Suspended'),
(7, 'Aram Mojtabai', 'CDL-803046-PA', 'Class C', '2029-10-05', '+1 (555) 019-2837', 96, 'Available'),
(8, 'Harold Cooper', 'CDL-803047-GA', 'Class A', '2028-12-15', '+1 (555) 019-2838', 99, 'On Trip'),
(9, 'Dembe Zuma', 'CDL-803048-NC', 'Class A', '2027-08-22', '+1 (555) 019-2839', 100, 'Available'),
(10, 'Patrick Jane', 'CDL-803049-MI', 'Class B', '2028-03-10', '+1 (555) 019-2840', 78, 'Suspended'),
(11, 'Kimball Cho', 'CDL-803050-VA', 'Class A', '2029-06-18', '+1 (555) 019-2841', 95, 'Available'),
(12, 'Wayne Rigsby', 'CDL-803051-WA', 'Class A', '2027-01-29', '+1 (555) 019-2842', 91, 'On Trip'),
(13, 'Grace Van Pelt', 'CDL-803052-AZ', 'Class B', '2028-09-14', '+1 (555) 019-2843', 97, 'Available'),
(14, 'Dexter Morgan', 'CDL-803053-CO', 'Class A', '2026-11-05', '+1 (555) 019-2844', 89, 'On Trip'),
(15, 'Debra Morgan', 'CDL-803054-TN', 'Class B', '2029-04-12', '+1 (555) 019-2845', 82, 'Off Duty'),
(16, 'Angel Batista', 'CDL-803055-IN', 'Class A', '2028-10-21', '+1 (555) 019-2846', 93, 'Available'),
(17, 'Vince Masuka', 'CDL-803056-MO', 'Class C', '2027-05-17', '+1 (555) 019-2847', 90, 'Available'),
(18, 'James Doakes', 'CDL-803057-MD', 'Class A', '2028-02-28', '+1 (555) 019-2848', 76, 'Suspended'),
(19, 'Joey Quinn', 'CDL-803058-WI', 'Class A', '2029-08-09', '+1 (555) 019-2849', 84, 'On Trip'),
(20, 'Maria LaGuerta', 'CDL-803059-MN', 'Class B', '2027-12-03', '+1 (555) 019-2850', 96, 'Available'),
(21, 'Arthur Mitchell', 'CDL-803060-NY', 'Class A', '2028-06-15', '+1 (555) 019-2851', 94, 'Available'),
(22, 'Rita Bennett', 'CDL-803061-CA', 'Class B', '2029-01-20', '+1 (555) 019-2852', 98, 'On Trip'),
(23, 'Frank Lundy', 'CDL-803062-TX', 'Class A', '2027-09-11', '+1 (555) 019-2853', 99, 'Available'),
(24, 'Hannah McKay', 'CDL-803063-FL', 'Class C', '2028-11-25', '+1 (555) 019-2854', 91, 'Available'),
(25, 'Isaak Sirko', 'CDL-803064-IL', 'Class A', '2029-05-30', '+1 (555) 019-2855', 86, 'On Trip'),
(26, 'Thomas Matthews', 'CDL-803065-OH', 'Class A', '2026-10-14', '+1 (555) 019-2856', 92, 'Available'),
(27, 'Brian Moser', 'CDL-803066-PA', 'Class A', '2028-04-18', '+1 (555) 019-2857', 80, 'Suspended'),
(28, 'Travis Marshall', 'CDL-803067-GA', 'Class B', '2027-07-22', '+1 (555) 019-2858', 88, 'Available'),
(29, 'Jordan Chase', 'CDL-803068-NC', 'Class A', '2029-03-15', '+1 (555) 019-2859', 95, 'On Trip'),
(30, 'Lumen Pierce', 'CDL-803069-MI', 'Class B', '2028-08-19', '+1 (555) 019-2860', 97, 'Available'),
(31, 'Miguel Prado', 'CDL-803070-VA', 'Class A', '2027-02-10', '+1 (555) 019-2861', 83, 'Off Duty'),
(32, 'Ellen Wolf', 'CDL-803071-WA', 'Class A', '2029-09-24', '+1 (555) 019-2862', 96, 'Available'),
(33, 'Camilla Figg', 'CDL-803072-AZ', 'Class C', '2028-12-05', '+1 (555) 019-2863', 90, 'Available'),
(34, 'Evelyn Vogel', 'CDL-803073-CO', 'Class A', '2027-06-17', '+1 (555) 019-2864', 99, 'On Trip'),
(35, 'Oliver Saxon', 'CDL-803074-TN', 'Class A', '2028-01-22', '+1 (555) 019-2865', 72, 'Suspended'),
(36, 'Walter White', 'CDL-803075-IN', 'Class A', '2029-07-14', '+1 (555) 019-2866', 91, 'Available'),
(37, 'Jesse Pinkman', 'CDL-803076-MO', 'Class B', '2027-11-08', '+1 (555) 019-2867', 87, 'On Trip'),
(38, 'Skyler White', 'CDL-803077-MD', 'Class C', '2028-05-19', '+1 (555) 019-2868', 98, 'Available'),
(39, 'Hank Schrader', 'CDL-803078-WI', 'Class A', '2029-02-25', '+1 (555) 019-2869', 94, 'Available'),
(40, 'Marie Schrader', 'CDL-803079-MN', 'Class B', '2026-08-30', '+1 (555) 019-2870', 92, 'Off Duty'),
(41, 'Saul Goodman', 'CDL-803080-NY', 'Class A', '2028-10-12', '+1 (555) 019-2871', 89, 'On Trip'),
(42, 'Mike Ehrmantraut', 'CDL-803081-CA', 'Class A', '2027-03-21', '+1 (555) 019-2872', 100, 'Available'),
(43, 'Gus Fring', 'CDL-803082-TX', 'Class A', '2029-11-15', '+1 (555) 019-2873', 100, 'Available'),
(44, 'Ignacio Varga', 'CDL-803083-FL', 'Class B', '2028-06-28', '+1 (555) 019-2874', 88, 'On Trip'),
(45, 'Lalo Salamanca', 'CDL-803084-IL', 'Class A', '2027-09-05', '+1 (555) 019-2875', 75, 'Suspended'),
(46, 'Kim Wexler', 'CDL-803085-OH', 'Class C', '2029-04-18', '+1 (555) 019-2876', 97, 'Available'),
(47, 'Howard Hamlin', 'CDL-803086-PA', 'Class A', '2028-12-22', '+1 (555) 019-2877', 95, 'Available'),
(48, 'Chuck McGill', 'CDL-803087-GA', 'Class A', '2027-01-14', '+1 (555) 019-2878', 86, 'Off Duty'),
(49, 'Tuco Salamanca', 'CDL-803088-NC', 'Class A', '2028-07-30', '+1 (555) 019-2879', 65, 'Suspended'),
(50, 'Hector Salamanca', 'CDL-803089-MI', 'Class A', '2029-08-11', '+1 (555) 019-2880', 70, 'Available'),
(51, 'Gale Boetticher', 'CDL-803090-VA', 'Class B', '2028-02-17', '+1 (555) 019-2881', 99, 'Available'),
(52, 'Lydia Rodarte', 'CDL-803091-WA', 'Class C', '2027-05-29', '+1 (555) 019-2882', 96, 'On Trip'),
(53, 'Todd Alquist', 'CDL-803092-AZ', 'Class A', '2029-10-20', '+1 (555) 019-2883', 85, 'Available'),
(54, 'Jack Welker', 'CDL-803093-CO', 'Class A', '2028-04-04', '+1 (555) 019-2884', 78, 'Suspended'),
(55, 'Huell Babineaux', 'CDL-803094-TN', 'Class B', '2027-11-12', '+1 (555) 019-2885', 92, 'Available'),
(56, 'Patrick Kuby', 'CDL-803095-IN', 'Class B', '2029-06-25', '+1 (555) 019-2886', 91, 'On Trip'),
(57, 'Ted Beneke', 'CDL-803096-MO', 'Class C', '2028-09-08', '+1 (555) 019-2887', 84, 'Available'),
(58, 'Jane Margolis', 'CDL-803097-MD', 'Class B', '2027-08-16', '+1 (555) 019-2888', 90, 'Off Duty'),
(59, 'Brandon Mayhew', 'CDL-803098-WI', 'Class A', '2029-01-09', '+1 (555) 019-2889', 88, 'Available'),
(60, 'Skinny Pete', 'CDL-803099-MN', 'Class B', '2028-03-27', '+1 (555) 019-2890', 89, 'On Trip'),
(61, 'Combo Ortega', 'CDL-803100-NY', 'Class A', '2027-12-14', '+1 (555) 019-2891', 86, 'Available'),
(62, 'Krazy-8 Molina', 'CDL-803101-CA', 'Class A', '2029-05-02', '+1 (555) 019-2892', 79, 'Suspended'),
(63, 'Steven Gomez', 'CDL-803102-TX', 'Class A', '2028-11-19', '+1 (555) 019-2893', 97, 'Available'),
(64, 'George Merkert', 'CDL-803103-FL', 'Class A', '2027-06-23', '+1 (555) 019-2894', 98, 'On Trip'),
(65, 'Donald Margolis', 'CDL-803104-IL', 'Class A', '2029-02-11', '+1 (555) 019-2895', 85, 'Off Duty'),
(66, 'Bogdan Wolynetz', 'CDL-803105-OH', 'Class B', '2028-07-06', '+1 (555) 019-2896', 93, 'Available'),
(67, 'Spooge Jenkins', 'CDL-803106-PA', 'Class C', '2027-04-15', '+1 (555) 019-2897', 68, 'Suspended'),
(68, 'Wendy S.', 'CDL-803107-GA', 'Class B', '2029-09-01', '+1 (555) 019-2898', 87, 'Available'),
(69, 'Andrea Cantillo', 'CDL-803108-NC', 'Class C', '2028-10-28', '+1 (555) 019-2899', 95, 'On Trip'),
(70, 'Brock Cantillo', 'CDL-803109-MI', 'Class C', '2027-01-18', '+1 (555) 019-2900', 98, 'Available');

-- ============================================================================
-- 4A. DRIVER SAFETY EVENTS (70 Records)
-- Safety infraction penalties and safe driving rewards linking drivers
-- ============================================================================
INSERT OR IGNORE INTO driver_safety_events (id, driver_id, event_type, points, notes, event_date) VALUES
(1, 1, 'Accident-Free Trip Bonus', 2, 'Completed 1,000 miles across cross-country route cleanly.', '2026-06-02'),
(2, 2, 'Harsh Braking Alert', -5, 'Sudden deceleration recorded on I-80 exit ramp.', '2026-06-04'),
(3, 3, '30-Day Zero Infraction Bonus', 5, 'Maintained perfect compliance throughout May/June.', '2026-06-05'),
(4, 4, 'Speeding (< 15 mph)', -5, 'Recorded 68 mph in a 55 mph construction corridor.', '2026-06-06'),
(5, 5, 'Accident-Free Trip Bonus', 2, 'Delivered fragile electronics shipment on schedule.', '2026-06-08'),
(6, 6, 'Major Red Light Violation', -20, 'Failed to stop at signaled intersection in downtown metro.', '2026-06-09'),
(7, 7, 'Accident-Free Trip Bonus', 2, 'Zero alerts triggered during urban distribution loop.', '2026-06-10'),
(8, 8, 'Accident-Free Trip Bonus', 2, 'Flawless heavy haul transit through mountain pass.', '2026-06-11'),
(9, 9, '30-Day Zero Infraction Bonus', 5, 'Exemplary safety record and pre-trip inspection compliance.', '2026-06-12'),
(10, 10, 'Rapid Acceleration Alert', -10, 'Aggressive takeoff from weigh station checkpoint.', '2026-06-14'),
(11, 11, 'Accident-Free Trip Bonus', 2, 'Clean overnight long-haul delivery.', '2026-06-15'),
(12, 12, 'Accident-Free Trip Bonus', 2, 'Safe operation during severe rainstorm warning.', '2026-06-16'),
(13, 13, 'Accident-Free Trip Bonus', 2, 'Completed refrigerated produce run with zero incidents.', '2026-06-17'),
(14, 14, 'Minor Lane Departure Alert', -5, 'Unsignaled lane change logged by dashcam telematics.', '2026-06-18'),
(15, 15, 'Speeding (< 15 mph)', -5, 'Exceeded posted speed limit on rural state highway.', '2026-06-19'),
(16, 16, 'Accident-Free Trip Bonus', 2, 'Consistently safe driving on regional delivery circuit.', '2026-06-20'),
(17, 17, 'Accident-Free Trip Bonus', 2, 'Safe handling of chemical cargo through tollway.', '2026-06-21'),
(18, 18, 'Harsh Braking Alert', -10, 'Tailgating resulted in hard emergency stop.', '2026-06-22'),
(19, 19, 'Accident-Free Trip Bonus', 2, 'Smooth transit across state lines.', '2026-06-23'),
(20, 20, '30-Day Zero Infraction Bonus', 5, 'Consistent defensive driving over entire month.', '2026-06-24'),
(21, 21, 'Accident-Free Trip Bonus', 2, 'Delivered high-value freight securely and safely.', '2026-06-25'),
(22, 22, 'Accident-Free Trip Bonus', 2, 'Zero telematics warnings on interstate route.', '2026-06-26'),
(23, 23, 'Accident-Free Trip Bonus', 2, 'Completed flatbed lumber run cleanly.', '2026-06-27'),
(24, 24, 'Accident-Free Trip Bonus', 2, 'Efficient and incident-free shuttle operation.', '2026-06-28'),
(25, 25, 'Minor Speeding Alert', -5, 'Slight speed overage on downhill grade.', '2026-06-29'),
(26, 26, 'Accident-Free Trip Bonus', 2, 'Perfect telematics score on two consecutive dispatches.', '2026-06-30'),
(27, 27, 'Harsh Cornering Warning', -10, 'Took off-ramp curve at excessive velocity.', '2026-07-01'),
(28, 28, 'Accident-Free Trip Bonus', 2, 'Well-executed city distribution run.', '2026-07-02'),
(29, 29, 'Accident-Free Trip Bonus', 2, 'Safe transit through heavy holiday traffic.', '2026-07-03'),
(30, 30, '30-Day Zero Infraction Bonus', 5, 'Rewarded for consecutive clean safety checks.', '2026-07-04'),
(31, 31, 'Late Check-in Penalty', -5, 'Failed to log required mandatory rest stop window.', '2026-07-05'),
(32, 32, 'Accident-Free Trip Bonus', 2, 'Zero issues during overnight cross-dock delivery.', '2026-07-06'),
(33, 33, 'Accident-Free Trip Bonus', 2, 'Safe vehicle operation verified by safety officer.', '2026-07-07'),
(34, 34, 'Accident-Free Trip Bonus', 2, 'No alerts logged during interstate haul.', '2026-07-08'),
(35, 35, 'Major Route Deviation Fine', -20, 'Bypassed mandatory truck weigh station on I-95.', '2026-07-09'),
(36, 36, 'Accident-Free Trip Bonus', 2, 'Clean run with zero telematics infractions.', '2026-07-10'),
(37, 37, 'Minor Speeding Alert', -5, 'Detected 62 mph in 55 mph zone.', '2026-06-03'),
(38, 38, 'Accident-Free Trip Bonus', 2, 'Met all safety guidelines during transit.', '2026-06-05'),
(39, 39, 'Accident-Free Trip Bonus', 2, 'Safe driving behavior confirmed by dispatcher.', '2026-06-07'),
(40, 40, 'Accident-Free Trip Bonus', 2, 'Zero harsh braking or cornering alerts recorded.', '2026-06-09'),
(41, 41, 'Harsh Braking Alert', -5, 'Quick stop at intersection crosswalk.', '2026-06-11'),
(42, 42, '30-Day Zero Infraction Bonus', 5, 'Perfect compliance across 15 completed routes.', '2026-06-13'),
(43, 43, 'Accident-Free Trip Bonus', 2, 'Flawless execution of hazardous cargo transport.', '2026-06-15'),
(44, 44, 'Minor Speeding Alert', -5, 'Brief acceleration over limit while passing.', '2026-06-17'),
(45, 45, 'Major Red Light Violation', -20, 'Recorded intersection camera violation.', '2026-06-19'),
(46, 46, 'Accident-Free Trip Bonus', 2, 'Clean delivery across state borders.', '2026-06-21'),
(47, 47, 'Accident-Free Trip Bonus', 2, 'High safety compliance on night shift.', '2026-06-23'),
(48, 48, 'Accident-Free Trip Bonus', 2, 'Zero telematics events during heavy rain.', '2026-06-25'),
(49, 49, 'Harsh Braking Alert', -10, 'Hard stop required due to following too closely.', '2026-06-27'),
(50, 50, 'Major Speeding Violation', -20, 'Exceeded posted limit by over 18 mph on highway.', '2026-06-29'),
(51, 51, 'Accident-Free Trip Bonus', 2, 'Clean delivery of lab equipment.', '2026-07-01'),
(52, 52, 'Accident-Free Trip Bonus', 2, 'Zero warnings during cold chain transport.', '2026-07-02'),
(53, 53, 'Harsh Cornering Warning', -5, 'Fast turn onto industrial park roadway.', '2026-07-03'),
(54, 54, 'Major Route Deviation Fine', -20, 'Used unauthorized residential street for heavy truck.', '2026-07-04'),
(55, 55, 'Accident-Free Trip Bonus', 2, 'Clean freight drop-off.', '2026-07-05'),
(56, 56, 'Accident-Free Trip Bonus', 2, 'Safe navigation through dense fog advisory.', '2026-07-06'),
(57, 57, 'Minor Speeding Alert', -5, 'Recorded 58 mph in 50 mph zone.', '2026-07-07'),
(58, 58, 'Accident-Free Trip Bonus', 2, 'Consistently smooth driving.', '2026-07-08'),
(59, 59, 'Accident-Free Trip Bonus', 2, 'Clean check-in and check-out telematics log.', '2026-07-09'),
(60, 60, 'Accident-Free Trip Bonus', 2, 'Incident-free interstate run.', '2026-07-10'),
(61, 61, 'Accident-Free Trip Bonus', 2, 'Safe handling of fragile cargo.', '2026-06-02'),
(62, 62, 'Harsh Braking Alert', -10, 'Sudden stop near construction barrier.', '2026-06-06'),
(63, 63, 'Accident-Free Trip Bonus', 2, 'Zero safety issues on multi-stop trip.', '2026-06-10'),
(64, 64, 'Accident-Free Trip Bonus', 2, 'Smooth driving verified on telematics dashboard.', '2026-06-14'),
(65, 65, 'Minor Speeding Alert', -5, 'Exceeded target speed by 6 mph.', '2026-06-18'),
(66, 66, 'Accident-Free Trip Bonus', 2, 'Perfect score on round-trip dispatch.', '2026-06-22'),
(67, 67, 'Major Red Light Violation', -20, 'Failed to yield at signaled crosswalk.', '2026-06-26'),
(68, 68, 'Accident-Free Trip Bonus', 2, 'Clean run with excellent fuel efficiency.', '2026-06-30'),
(69, 69, 'Accident-Free Trip Bonus', 2, 'Flawless execution of long-distance dispatch.', '2026-07-04'),
(70, 70, 'Accident-Free Trip Bonus', 2, 'Zero telematics warnings logged.', '2026-07-08');

-- ============================================================================
-- 5. TRIPS (70 Records)
-- Comprehensive historical & active dispatch records linking vehicles & drivers
-- ============================================================================
INSERT OR IGNORE INTO trips (id, source, destination, vehicle_reg, driver_id, cargo_weight, planned_distance, final_odometer, fuel_consumed, revenue, status, created_at) VALUES
(1, 'Warehouse A - New York, NY', 'Retailer B - Chicago, IL', 'TRK-9010-NY', 1, 15000.00, 790.50, 145230.50, 142.00, 3200.00, 'Completed', '2026-06-01 08:30:00'),
(2, 'Port of Los Angeles, CA', 'Distribution Center - Phoenix, AZ', 'TRK-9011-CA', 2, 18500.00, 372.00, NULL, NULL, 2100.00, 'Dispatched', '2026-06-02 09:15:00'),
(3, 'Hub 4 - Dallas, TX', 'Manufacturing Plant - Houston, TX', 'TRK-9012-TX', 3, 21000.00, 239.80, NULL, NULL, 1650.00, 'Dispatched', '2026-06-03 10:00:00'),
(4, 'Cold Storage - Miami, FL', 'Supermarket Chain - Orlando, FL', 'TRK-9013-FL', 4, 19500.00, 235.40, 210500.80, 48.50, 1800.00, 'Completed', '2026-06-04 11:20:00'),
(5, 'Logistics Park - Chicago, IL', 'Auto Assembly - Detroit, MI', 'TRK-9014-IL', 5, 17200.00, 283.60, 312000.00, 56.20, 1950.00, 'Completed', '2026-06-05 07:45:00'),
(6, 'Depot 9 - Albany, NY', 'Metro Store - Boston, MA', 'VAN-4020-NY', 6, 1450.00, 169.20, 45210.30, 22.10, 650.00, 'Completed', '2026-06-06 13:10:00'),
(7, 'Silicon Valley Hub - San Jose, CA', 'Tech Campus - San Francisco, CA', 'VAN-4021-CA', 7, 1800.00, 48.50, NULL, NULL, 450.00, 'Dispatched', '2026-06-07 14:30:00'),
(8, 'Austin Central Depot, TX', 'San Antonio Retail Hub, TX', 'VAN-4022-TX', 8, 1650.00, 79.80, 38450.70, 12.40, 520.00, 'Completed', '2026-06-08 09:00:00'),
(9, 'Seattle Dock 3, WA', 'Portland Dist. Center, OR', 'VAN-4023-WA', 9, 1900.00, 173.50, 115600.00, 28.60, 890.00, 'Completed', '2026-06-09 10:45:00'),
(10, 'Atlanta Terminal, GA', 'Savannah Port Authority, GA', 'VAN-4024-GA', 10, 1750.00, 248.10, 94200.40, 38.20, 1100.00, 'Completed', '2026-06-10 08:15:00'),
(11, 'Cleveland Processing Plant, OH', 'Columbus Regional Hub, OH', 'REF-7030-OH', 11, 16800.00, 142.60, 128900.00, 31.50, 1450.00, 'Completed', '2026-06-11 06:30:00'),
(12, 'Grand Rapids Cold Depot, MI', 'Detroit Grocer Cooperative, MI', 'REF-7031-MI', 12, 18200.00, 157.90, NULL, NULL, 1580.00, 'Dispatched', '2026-06-12 07:15:00'),
(13, 'Philadelphia Produce Terminal, PA', 'Pittsburgh Wholesale Hub, PA', 'REF-7032-PA', 13, 17900.00, 304.20, 85600.00, 62.80, 2400.00, 'Completed', '2026-06-13 05:00:00'),
(14, 'Phoenix Steel Works, AZ', 'Tucson Construction Site, AZ', 'FLT-5040-AZ', 14, 23500.00, 116.40, NULL, NULL, 1350.00, 'Dispatched', '2026-06-14 08:00:00'),
(15, 'Denver Heavy Machinery Yard, CO', 'Colorado Springs Quarry, CO', 'FLT-5041-CO', 15, 22800.00, 71.30, 198400.00, 16.50, 950.00, 'Completed', '2026-06-15 09:30:00'),
(16, 'Manhattan Executive Terminal, NY', 'JFK International Airport, NY', 'SDN-1050-NY', 16, 250.00, 18.40, 24100.00, 2.10, 180.00, 'Completed', '2026-06-16 12:00:00'),
(17, 'LAX VIP Pickup Zone, CA', 'Beverly Hills Hotel, CA', 'SDN-1051-CA', 17, 300.00, 14.80, NULL, NULL, 160.00, 'Dispatched', '2026-06-17 15:45:00'),
(18, 'Buffalo Cross-Border Depot, NY', 'Toronto Logistics Hub, ON', 'TRK-9010-NY', 18, 19800.00, 100.50, 145331.00, 20.20, 1250.00, 'Completed', '2026-06-18 10:15:00'),
(19, 'Sacramento Valley Depot, CA', 'Reno Distribution Yard, NV', 'TRK-9011-CA', 19, 20500.00, 132.40, NULL, NULL, 1420.00, 'Draft', '2026-06-19 11:00:00'),
(20, 'Fort Worth Rail Yard, TX', 'Oklahoma City Depot, OK', 'TRK-9012-TX', 20, 21800.00, 206.10, NULL, NULL, 1890.00, 'Draft', '2026-06-20 14:00:00'),
(21, 'Pittsburgh Industrial Hub, PA', 'Philadelphia Port Terminal, PA', 'TRK-9015-PA', 21, 18200.00, 305.00, 112305.00, 58.00, 2500.00, 'Completed', '2026-06-21 08:00:00'),
(22, 'Columbus Central Depot, OH', 'Indianapolis Freight Yard, IN', 'TRK-9016-OH', 22, 19500.00, 175.40, NULL, NULL, 1650.00, 'Dispatched', '2026-06-22 09:30:00'),
(23, 'Savannah Container Terminal, GA', 'Charlotte Distribution Center, NC', 'TRK-9017-GA', 23, 21400.00, 252.80, 142252.80, 48.20, 2200.00, 'Completed', '2026-06-23 07:15:00'),
(24, 'Raleigh Industrial Park, NC', 'Richmond Terminal, VA', 'TRK-9018-NC', 24, 20100.00, 154.20, 260154.20, 29.50, 1480.00, 'Completed', '2026-06-24 10:45:00'),
(25, 'Detroit Auto Center, MI', 'Louisville Assembly Plant, KY', 'TRK-9019-MI', 25, 18900.00, 264.00, 180264.00, 51.00, 2350.00, 'Completed', '2026-06-25 06:30:00'),
(26, 'Norfolk Naval Supply Yard, VA', 'Baltimore Logistics Hub, MD', 'TRK-9020-VA', 26, 20500.00, 235.00, NULL, NULL, 2100.00, 'Dispatched', '2026-06-26 08:20:00'),
(27, 'Tacoma Port Authority, WA', 'Spokane Regional Center, WA', 'TRK-9021-WA', 27, 21200.00, 279.50, 165279.50, 53.40, 2450.00, 'Completed', '2026-06-27 07:00:00'),
(28, 'Phoenix Solar Farm Yard, AZ', 'Las Vegas Distribution Hub, NV', 'TRK-9022-AZ', 28, 17800.00, 298.00, 35298.00, 45.00, 2600.00, 'Completed', '2026-06-28 09:10:00'),
(29, 'Denver Freight Terminal, CO', 'Salt Lake City Yard, UT', 'TRK-9023-CO', 29, 18500.00, 534.20, NULL, NULL, 4200.00, 'Dispatched', '2026-06-29 06:00:00'),
(30, 'Memphis Logistics Hub, TN', 'Little Rock Cargo Center, AR', 'TRK-9024-TN', 30, 22100.00, 137.60, 195137.60, 26.10, 1350.00, 'Completed', '2026-06-30 11:30:00'),
(31, 'Indianapolis Crossroads Depot, IN', 'St. Louis Distribution Yard, MO', 'TRK-9025-IN', 31, 21600.00, 242.40, 155242.40, 46.50, 2150.00, 'Completed', '2026-07-01 08:45:00'),
(32, 'Kansas City Rail Depot, MO', 'Omaha Commercial Terminal, NE', 'TRK-9026-MO', 32, 19200.00, 188.90, 220188.90, 36.20, 1720.00, 'Completed', '2026-07-02 10:00:00'),
(33, 'Baltimore Inner Harbor Depot, MD', 'Trenton Supply Yard, NJ', 'TRK-9027-MD', 33, 20000.00, 131.00, 280131.00, 25.00, 1280.00, 'Completed', '2026-07-03 07:30:00'),
(34, 'Milwaukee Brewery Hub, WI', 'Chicago North Distribution, IL', 'TRK-9028-WI', 34, 19000.00, 92.50, 140092.50, 17.80, 980.00, 'Completed', '2026-07-04 09:15:00'),
(35, 'Minneapolis Cold Hub, MN', 'Fargo Logistics Center, ND', 'TRK-9029-MN', 35, 21000.00, 235.60, NULL, NULL, 2120.00, 'Dispatched', '2026-07-05 08:00:00'),
(36, 'Philadelphia Express Center, PA', 'Newark Cargo Terminal, NJ', 'VAN-4025-PA', 36, 1650.00, 82.40, 18082.40, 12.80, 680.00, 'Completed', '2026-06-02 10:20:00'),
(37, 'Cincinnati Medical Depot, OH', 'Dayton Hospital Complex, OH', 'VAN-4026-OH', 37, 1800.00, 54.20, NULL, NULL, 510.00, 'Dispatched', '2026-06-04 11:45:00'),
(38, 'Tampa Medical Supply, FL', 'Jacksonville Pharmacy Hub, FL', 'VAN-4027-FL', 38, 1750.00, 199.80, 15199.80, 31.00, 1450.00, 'Completed', '2026-06-06 08:30:00'),
(39, 'Charlotte Express Hub, NC', 'Greensboro Retail Center, NC', 'VAN-4028-NC', 39, 1300.00, 92.60, 85092.60, 14.20, 750.00, 'Completed', '2026-06-08 09:15:00'),
(40, 'Lansing Parts Depot, MI', 'Grand Rapids Auto Hub, MI', 'VAN-4029-MI', 40, 1900.00, 65.40, 130065.40, 10.50, 580.00, 'Completed', '2026-06-10 10:00:00'),
(41, 'Richmond Courier Hub, VA', 'Roanoke Delivery Center, VA', 'VAN-4030-VA', 41, 2400.00, 188.00, NULL, NULL, 1380.00, 'Dispatched', '2026-06-12 07:45:00'),
(42, 'Tucson Solar Supply Depot, AZ', 'Mesa Electrical Yard, AZ', 'VAN-4031-AZ', 42, 1780.00, 118.50, 54118.50, 18.20, 920.00, 'Completed', '2026-06-14 08:30:00'),
(43, 'Boulder Tech Center, CO', 'Fort Collins Distribution, CO', 'VAN-4032-CO', 43, 1850.00, 64.80, 68064.80, 10.00, 590.00, 'Completed', '2026-06-16 09:00:00'),
(44, 'Nashville Music Supply Hub, TN', 'Chattanooga Retail Store, TN', 'VAN-4033-TN', 44, 1680.00, 134.20, 142134.20, 20.80, 1050.00, 'Completed', '2026-06-18 10:15:00'),
(45, 'Fort Wayne Delivery Hub, IN', 'South Bend Express Center, IN', 'VAN-4034-IN', 45, 1620.00, 88.40, 118088.40, 13.60, 710.00, 'Completed', '2026-06-20 11:30:00'),
(46, 'St. Louis Courier Terminal, MO', 'Columbia Regional Hub, MO', 'VAN-4035-MO', 46, 2100.00, 124.80, NULL, NULL, 990.00, 'Dispatched', '2026-06-22 08:00:00'),
(47, 'Annapolis Harbor Supply, MD', 'Frederick Store Center, MD', 'VAN-4036-MD', 47, 2050.00, 74.50, 19074.50, 11.50, 630.00, 'Completed', '2026-06-24 09:20:00'),
(48, 'Madison Dairy Supply Depot, WI', 'Green Bay Grocer Hub, WI', 'VAN-4037-WI', 48, 1980.00, 136.00, 49136.00, 21.00, 1120.00, 'Completed', '2026-06-26 07:15:00'),
(49, 'Duluth Cold Delivery Hub, MN', 'St. Cloud Retail Center, MN', 'VAN-4038-MN', 49, 2020.00, 145.20, 58145.20, 22.40, 1180.00, 'Completed', '2026-06-28 08:45:00'),
(50, 'Charleston Port Supply, SC', 'Columbia Distribution Hub, SC', 'VAN-4039-SC', 50, 1200.00, 114.80, 92114.80, 17.60, 890.00, 'Completed', '2026-06-30 10:30:00'),
(51, 'Atlanta Frozen Storage, GA', 'Augusta Supermarket Chain, GA', 'REF-7033-GA', 51, 18500.00, 148.20, NULL, NULL, 1680.00, 'Dispatched', '2026-07-01 06:30:00'),
(52, 'Miami Seafood Terminal, FL', 'Jacksonville Cold Storage, FL', 'REF-7034-FL', 52, 19200.00, 345.60, 115345.60, 68.00, 2950.00, 'Completed', '2026-07-02 05:45:00'),
(53, 'Wilmington Cold Port, NC', 'Charlotte Frozen Grocer, NC', 'REF-7035-NC', 53, 18800.00, 204.00, 142204.00, 40.00, 1850.00, 'Completed', '2026-07-03 07:00:00'),
(54, 'Houston Meat Processing, TX', 'Austin Supermarket Center, TX', 'REF-7036-TX', 54, 17900.00, 165.40, 98165.40, 32.50, 1580.00, 'Completed', '2026-07-04 08:15:00'),
(55, 'Fresno Agricultural Hub, CA', 'San Francisco Produce Market, CA', 'REF-7037-CA', 55, 18400.00, 188.20, NULL, NULL, 1790.00, 'Dispatched', '2026-07-05 06:00:00'),
(56, 'Albany Dairy Processing, NY', 'Syracuse Cold Chain Depot, NY', 'REF-7038-NY', 56, 18200.00, 146.80, 160146.80, 28.80, 1420.00, 'Completed', '2026-07-06 07:30:00'),
(57, 'Peoria Frozen Warehouse, IL', 'Chicago Cold Distribution, IL', 'REF-7039-IL', 57, 18900.00, 164.50, 78164.50, 32.20, 1550.00, 'Completed', '2026-07-07 08:00:00'),
(58, 'Salt Lake City Steel Hub, UT', 'Provo Construction Center, UT', 'FLT-5042-UT', 58, 23000.00, 45.20, 110045.20, 10.40, 680.00, 'Completed', '2026-06-03 09:00:00'),
(59, 'Las Vegas Heavy Pipe Yard, NV', 'Henderson Solar Field, NV', 'FLT-5043-NV', 59, 22500.00, 18.60, NULL, NULL, 480.00, 'Dispatched', '2026-06-05 10:30:00'),
(60, 'Portland Lumber Depot, OR', 'Eugene Building Supply, OR', 'FLT-5044-OR', 60, 23800.00, 112.40, 89112.40, 26.00, 1180.00, 'Completed', '2026-06-07 07:15:00'),
(61, 'Boise Timber Terminal, ID', 'Twin Falls Lumber Yard, ID', 'FLT-5045-ID', 61, 22100.00, 128.80, 215128.80, 29.80, 1290.00, 'Completed', '2026-06-09 08:30:00'),
(62, 'Billings Heavy Equipment, MT', 'Bozeman Construction Site, MT', 'FLT-5046-MT', 62, 23400.00, 142.00, 145142.00, 33.00, 1450.00, 'Completed', '2026-06-11 06:45:00'),
(63, 'Cheyenne Wind Turbine Yard, WY', 'Laramie Energy Project, WY', 'FLT-5047-WY', 63, 24100.00, 51.50, NULL, NULL, 780.00, 'Dispatched', '2026-06-13 09:15:00'),
(64, 'Albuquerque Steel Yard, NM', 'Santa Fe Construction Hub, NM', 'FLT-5048-NM', 64, 24800.00, 64.20, 65064.20, 14.80, 880.00, 'Completed', '2026-06-15 08:00:00'),
(65, 'Wichita Heavy Machinery, KS', 'Topeka Industrial Site, KS', 'FLT-5049-KS', 65, 22500.00, 136.40, 230136.40, 31.50, 1350.00, 'Completed', '2026-06-17 07:30:00'),
(66, 'Dallas Executive Airport, TX', 'Downtown Convention Center, TX', 'SDN-1052-TX', 66, 320.00, 22.40, 18522.40, 2.50, 210.00, 'Completed', '2026-06-19 11:00:00'),
(67, 'Miami International VIP, FL', 'South Beach Resort Hotel, FL', 'SDN-1053-FL', 67, 310.00, 12.80, 65012.80, 1.50, 150.00, 'Completed', '2026-06-21 14:15:00'),
(68, 'O''Hare Executive Lounge, IL', 'Chicago Loop Headquarters, IL', 'SDN-1054-IL', 68, 330.00, 18.20, NULL, NULL, 190.00, 'Dispatched', '2026-06-23 16:30:00'),
(69, 'Philadelphia VIP Hub, PA', 'Center City Corporate Office, PA', 'SDN-1055-PA', 69, 300.00, 11.50, 88011.50, 1.20, 140.00, 'Completed', '2026-06-25 10:00:00'),
(70, 'Columbus Airport Executive, OH', 'Downtown Business Center, OH', 'SDN-1056-OH', 70, 320.00, 14.20, 54014.20, 1.60, 160.00, 'Completed', '2026-06-27 12:30:00');

-- ============================================================================
-- 6. MAINTENANCE LOGS (70 Records)
-- Comprehensive preventative service, repairs, part replacement & inspection logs
-- ============================================================================
INSERT OR IGNORE INTO maintenance_logs (id, vehicle_reg, service_date, description, cost, status) VALUES
(1, 'TRK-9010-NY', '2026-05-15', 'Full synthetic oil change and fuel filter replacement.', 450.00, 'Completed'),
(2, 'TRK-9011-CA', '2026-05-18', 'Drive axle brake pad overhaul and rotor resurfacing.', 1250.00, 'Completed'),
(3, 'TRK-9012-TX', '2026-05-22', 'Air suspension bellows replacement and leveling valve check.', 890.00, 'Completed'),
(4, 'TRK-9013-FL', '2026-06-10', 'Transmission differential fluid flush and clutch calibration.', 1600.00, 'Active'),
(5, 'TRK-9014-IL', '2026-05-28', 'Comprehensive 150-point DOT annual safety inspection.', 350.00, 'Completed'),
(6, 'VAN-4020-NY', '2026-05-20', 'Routine oil service and cabin air filter installation.', 180.00, 'Completed'),
(7, 'VAN-4021-CA', '2026-05-25', 'Front brake pad installation and brake line bleed.', 420.00, 'Completed'),
(8, 'VAN-4022-TX', '2026-05-30', 'Tire rotation, computer wheel balancing & alignment.', 210.00, 'Completed'),
(9, 'VAN-4023-WA', '2026-06-11', 'Power steering pump overhaul and rack assembly replacement.', 1150.00, 'Active'),
(10, 'VAN-4024-GA', '2026-06-01', 'Battery replacement and alternator charging test.', 290.00, 'Completed'),
(11, 'REF-7030-OH', '2026-05-12', 'Refrigeration unit diesel engine tune-up and belt check.', 650.00, 'Completed'),
(12, 'REF-7031-MI', '2026-05-19', 'Evaporator coil chemical cleaning & refrigerant flush.', 820.00, 'Completed'),
(13, 'REF-7032-PA', '2026-05-26', 'Insulated rear door seal replacement and latch repair.', 480.00, 'Completed'),
(14, 'FLT-5040-AZ', '2026-05-16', 'Heavy-duty wooden floorboard repair and frame inspection.', 750.00, 'Completed'),
(15, 'FLT-5041-CO', '2026-05-23', 'Trailer landing gear greasing and crank handle replacement.', 320.00, 'Completed'),
(16, 'SDN-1050-NY', '2026-05-14', 'Hybrid drive battery health diagnostics and coolant check.', 220.00, 'Completed'),
(17, 'SDN-1051-CA', '2026-05-21', 'Standard 10,000-mile synthetic oil and tire service.', 150.00, 'Completed'),
(18, 'TRK-9018-NC', '2026-06-12', 'Engine EGR valve cleaning and turbocharger inspection.', 1450.00, 'Active'),
(19, 'TRK-9025-IN', '2026-06-13', 'Alternator rebuild and heavy-duty battery pack replacement.', 980.00, 'Active'),
(20, 'VAN-4029-MI', '2026-06-14', 'Rear differential overhaul and axle bearing replacement.', 1350.00, 'Active'),
(21, 'VAN-4038-MN', '2026-06-15', '4x4 transfer case service and front driveshaft balancing.', 1100.00, 'Active'),
(22, 'REF-7035-NC', '2026-06-16', 'Reefer compressor overhaul and temperature sensor calibration.', 1850.00, 'Active'),
(23, 'FLT-5045-ID', '2026-06-17', 'Air brake chamber replacement and slack adjuster tuning.', 720.00, 'Active'),
(24, 'SDN-1055-PA', '2026-06-18', 'Plug-in hybrid charging port replacement and system reflash.', 680.00, 'Active'),
(25, 'TRK-9015-PA', '2026-06-01', 'Standard 30,000-mile preventative maintenance check.', 520.00, 'Completed'),
(26, 'TRK-9016-OH', '2026-06-03', 'Coolant flush and thermostat replacement.', 410.00, 'Completed'),
(27, 'TRK-9017-GA', '2026-06-05', 'Heavy-duty kingpin bushing grease and steering alignment.', 680.00, 'Completed'),
(28, 'TRK-9019-MI', '2026-06-07', 'Diesel particulate filter (DPF) bake and regeneration.', 1150.00, 'Completed'),
(29, 'TRK-9020-VA', '2026-06-09', 'Clutch linkage adjustment and transmission fluid top-off.', 390.00, 'Completed'),
(30, 'TRK-9021-WA', '2026-06-11', 'Air dryer cartridge replacement and system leak test.', 280.00, 'Completed'),
(31, 'TRK-9022-AZ', '2026-06-13', 'Electric drivetrain cooling system flush and check.', 850.00, 'Completed'),
(32, 'TRK-9023-CO', '2026-06-15', 'High-voltage cable harness inspection and diagnostics.', 720.00, 'Completed'),
(33, 'TRK-9024-TN', '2026-06-17', 'Exhaust manifold gasket replacement and bolt torque.', 910.00, 'Completed'),
(34, 'TRK-9026-MO', '2026-06-19', 'Day cab suspension dampener replacement.', 640.00, 'Completed'),
(35, 'TRK-9027-MD', '2026-06-21', 'Pre-retirement full diagnostic and appraisal check.', 300.00, 'Completed'),
(36, 'TRK-9028-WI', '2026-06-23', 'Starter motor replacement and electrical ground test.', 580.00, 'Completed'),
(37, 'TRK-9029-MN', '2026-06-25', 'Fifth wheel greasing, rebuild and locking jaw check.', 490.00, 'Completed'),
(38, 'VAN-4025-PA', '2026-06-02', 'Electric van cabin heating and AC system service.', 310.00, 'Completed'),
(39, 'VAN-4026-OH', '2026-06-04', 'Brake fluid flush and DOT brake line inspection.', 240.00, 'Completed'),
(40, 'VAN-4027-FL', '2026-06-06', 'High-voltage battery cooling fan replacement.', 450.00, 'Completed'),
(41, 'VAN-4028-NC', '2026-06-08', 'Spark plug replacement and ignition coil inspection.', 380.00, 'Completed'),
(42, 'VAN-4030-VA', '2026-06-10', 'Dual rear wheel bearing grease and seal inspection.', 520.00, 'Completed'),
(43, 'VAN-4031-AZ', '2026-06-12', 'Transmission filter replacement and fluid top-off.', 340.00, 'Completed'),
(44, 'VAN-4032-CO', '2026-06-14', 'Front strut replacement and wheel alignment.', 610.00, 'Completed'),
(45, 'VAN-4033-TN', '2026-06-16', 'Pre-retirement inspection and fluid drain.', 200.00, 'Completed'),
(46, 'VAN-4034-IN', '2026-06-18', 'Exhaust muffler weld repair and emissions check.', 290.00, 'Completed'),
(47, 'VAN-4035-MO', '2026-06-20', 'Electric delivery van software update and brake check.', 180.00, 'Completed'),
(48, 'VAN-4036-MD', '2026-06-22', 'Tire replacement (4 all-season commercial tires).', 880.00, 'Completed'),
(49, 'VAN-4037-WI', '2026-06-24', 'AWD transfer case fluid change and half-shaft check.', 420.00, 'Completed'),
(50, 'VAN-4039-SC', '2026-06-26', 'Rear leaf spring bushing replacement.', 360.00, 'Completed'),
(51, 'REF-7033-GA', '2026-06-01', 'Multi-temp zone divider seal replacement.', 540.00, 'Completed'),
(52, 'REF-7034-FL', '2026-06-05', 'Reefer diesel alternator check and belt tensioning.', 390.00, 'Completed'),
(53, 'REF-7036-TX', '2026-06-09', 'Trailer air brake valve replacement.', 620.00, 'Completed'),
(54, 'REF-7037-CA', '2026-06-13', 'Condenser fan blade replacement and coil wash.', 480.00, 'Completed'),
(55, 'REF-7038-NY', '2026-06-17', 'Trailer LED clearance light wiring harness overhaul.', 310.00, 'Completed'),
(56, 'REF-7039-IL', '2026-06-21', 'Cryogenic liquid nitrogen system seal inspection.', 950.00, 'Completed'),
(57, 'FLT-5042-UT', '2026-06-02', 'Aluminum deck crack weld repair and inspection.', 680.00, 'Completed'),
(58, 'FLT-5043-NV', '2026-06-06', 'Drop deck suspension air bag replacement.', 540.00, 'Completed'),
(59, 'FLT-5044-OR', '2026-06-10', 'Heavy-duty cargo winch mechanism greasing.', 280.00, 'Completed'),
(60, 'FLT-5046-MT', '2026-06-14', 'Trailer ABS wheel speed sensor replacement.', 390.00, 'Completed'),
(61, 'FLT-5047-WY', '2026-06-18', 'Chaparral heavy flatbed structural bolt inspection.', 420.00, 'Completed'),
(62, 'FLT-5048-NM', '2026-06-22', 'Step deck axle hub oil seal replacement.', 510.00, 'Completed'),
(63, 'FLT-5049-KS', '2026-06-26', 'Pre-retirement structural evaluation.', 250.00, 'Completed'),
(64, 'SDN-1052-TX', '2026-06-04', 'Tesla Model 3 cabin filter and brake fluid check.', 160.00, 'Completed'),
(65, 'SDN-1053-FL', '2026-06-08', 'Standard synthetic oil and tire rotation service.', 140.00, 'Completed'),
(66, 'SDN-1054-IL', '2026-06-12', 'Hybrid inverter coolant flush and diagnostic.', 290.00, 'Completed'),
(67, 'SDN-1056-OH', '2026-06-16', 'AWD rear differential fluid check and top-off.', 180.00, 'Completed'),
(68, 'SDN-1057-GA', '2026-06-20', 'Commercial sedan brake pad and rotor replacement.', 460.00, 'Completed'),
(69, 'SDN-1058-NC', '2026-06-24', 'Subaru AWD CVT fluid drain and refill service.', 350.00, 'Completed'),
(70, 'SDN-1059-MI', '2026-06-28', 'Volkswagen fleet scheduled 20,000-mile inspection.', 210.00, 'Completed');

-- ============================================================================
-- 7. FUEL LOGS (70 Records)
-- Detailed refueling receipts with liters and dollar costs
-- ============================================================================
INSERT OR IGNORE INTO fuel_logs (id, vehicle_reg, liters, cost, log_date) VALUES
(1, 'TRK-9010-NY', 280.50, 412.33, '2026-06-01'),
(2, 'TRK-9010-NY', 310.00, 455.70, '2026-06-15'),
(3, 'TRK-9011-CA', 295.20, 442.80, '2026-06-05'),
(4, 'TRK-9011-CA', 320.00, 480.00, '2026-06-20'),
(5, 'TRK-9012-TX', 260.40, 364.56, '2026-06-08'),
(6, 'TRK-9014-IL', 305.10, 427.14, '2026-06-14'),
(7, 'TRK-9014-IL', 290.00, 411.80, '2026-06-28'),
(8, 'VAN-4020-NY', 68.50, 95.90, '2026-06-03'),
(9, 'VAN-4020-NY', 72.00, 102.24, '2026-06-18'),
(10, 'VAN-4021-CA', 75.40, 113.10, '2026-06-10'),
(11, 'VAN-4021-CA', 70.80, 106.20, '2026-06-24'),
(12, 'VAN-4022-TX', 64.20, 89.88, '2026-06-07'),
(13, 'VAN-4024-GA', 78.00, 110.76, '2026-06-16'),
(14, 'REF-7030-OH', 180.50, 256.31, '2026-06-09'),
(15, 'REF-7031-MI', 195.00, 276.90, '2026-06-19'),
(16, 'REF-7032-PA', 188.20, 267.24, '2026-06-24'),
(17, 'FLT-5040-AZ', 240.00, 348.00, '2026-06-11'),
(18, 'FLT-5041-CO', 255.60, 368.06, '2026-06-21'),
(19, 'SDN-1050-NY', 42.00, 60.90, '2026-06-14'),
(20, 'SDN-1051-CA', 45.50, 68.25, '2026-06-26'),
(21, 'TRK-9015-PA', 275.00, 404.25, '2026-06-02'),
(22, 'TRK-9016-OH', 288.40, 423.95, '2026-06-06'),
(23, 'TRK-9017-GA', 315.00, 463.05, '2026-06-10'),
(24, 'TRK-9018-NC', 298.50, 438.80, '2026-06-14'),
(25, 'TRK-9019-MI', 282.00, 414.54, '2026-06-18'),
(26, 'TRK-9020-VA', 302.10, 444.09, '2026-06-22'),
(27, 'TRK-9021-WA', 310.50, 456.44, '2026-06-26'),
(28, 'TRK-9024-TN', 295.00, 433.65, '2026-06-30'),
(29, 'TRK-9025-IN', 285.80, 420.13, '2026-07-04'),
(30, 'TRK-9026-MO', 270.20, 397.19, '2026-07-08'),
(31, 'TRK-9028-WI', 265.00, 389.55, '2026-06-03'),
(32, 'TRK-9029-MN', 308.00, 452.76, '2026-06-07'),
(33, 'VAN-4028-NC', 65.00, 95.55, '2026-06-11'),
(34, 'VAN-4029-MI', 74.50, 109.52, '2026-06-15'),
(35, 'VAN-4030-VA', 82.00, 120.54, '2026-06-19'),
(36, 'VAN-4031-AZ', 69.20, 101.72, '2026-06-23'),
(37, 'VAN-4032-CO', 71.80, 105.55, '2026-06-27'),
(38, 'VAN-4034-IN', 66.40, 97.61, '2026-07-01'),
(39, 'VAN-4037-WI', 76.00, 111.72, '2026-07-05'),
(40, 'VAN-4038-MN', 78.50, 115.40, '2026-07-09'),
(41, 'VAN-4039-SC', 62.00, 91.14, '2026-06-04'),
(42, 'REF-7033-GA', 185.00, 271.95, '2026-06-08'),
(43, 'REF-7034-FL', 198.40, 291.65, '2026-06-12'),
(44, 'REF-7035-NC', 190.20, 279.59, '2026-06-16'),
(45, 'REF-7036-TX', 182.50, 268.28, '2026-06-20'),
(46, 'REF-7037-CA', 189.00, 277.83, '2026-06-24'),
(47, 'REF-7038-NY', 186.40, 274.01, '2026-06-28'),
(48, 'REF-7039-IL', 194.00, 285.18, '2026-07-02'),
(49, 'FLT-5042-UT', 245.00, 360.15, '2026-07-06'),
(50, 'FLT-5043-NV', 238.50, 350.60, '2026-06-05'),
(51, 'FLT-5044-OR', 252.00, 370.44, '2026-06-09'),
(52, 'FLT-5045-ID', 230.40, 338.69, '2026-06-13'),
(53, 'FLT-5046-MT', 242.80, 356.92, '2026-06-17'),
(54, 'FLT-5047-WY', 248.50, 365.30, '2026-06-21'),
(55, 'FLT-5048-NM', 256.00, 376.32, '2026-06-25'),
(56, 'SDN-1053-FL', 44.00, 64.68, '2026-06-29'),
(57, 'SDN-1054-IL', 46.20, 67.91, '2026-07-03'),
(58, 'SDN-1056-OH', 43.50, 63.95, '2026-07-07'),
(59, 'SDN-1057-GA', 45.00, 66.15, '2026-06-02'),
(60, 'SDN-1058-NC', 47.00, 69.09, '2026-06-06'),
(61, 'SDN-1059-MI', 44.80, 65.86, '2026-06-10'),
(62, 'TRK-9010-NY', 295.00, 433.65, '2026-06-28'),
(63, 'TRK-9011-CA', 312.00, 458.64, '2026-07-02'),
(64, 'VAN-4020-NY', 70.00, 102.90, '2026-07-06'),
(65, 'VAN-4021-CA', 74.00, 108.78, '2026-07-10'),
(66, 'REF-7030-OH', 185.00, 271.95, '2026-06-25'),
(67, 'REF-7032-PA', 192.00, 282.24, '2026-07-05'),
(68, 'FLT-5040-AZ', 244.00, 358.68, '2026-06-26'),
(69, 'FLT-5041-CO', 250.00, 367.50, '2026-07-06'),
(70, 'SDN-1050-NY', 43.00, 63.21, '2026-06-28');

-- ============================================================================
-- 8. EXPENSES (70 Records)
-- Tolls, insurance premiums, permits, weigh station fees & parking
-- ============================================================================
INSERT OR IGNORE INTO expenses (id, vehicle_reg, category, cost, expense_date, notes) VALUES
(1, 'TRK-9010-NY', 'Toll', 85.50, '2026-06-01', 'George Washington Bridge & I-95 toll charges.'),
(2, 'TRK-9010-NY', 'Insurance', 450.00, '2026-06-01', 'Monthly commercial auto fleet insurance premium.'),
(3, 'TRK-9011-CA', 'Toll', 64.20, '2026-06-06', 'California State Route 91 Express Lanes toll.'),
(4, 'TRK-9011-CA', 'Permit', 120.00, '2026-06-12', 'Interstate overweight axle compliance permit.'),
(5, 'TRK-9012-TX', 'Insurance', 450.00, '2026-06-01', 'Monthly commercial auto fleet insurance premium.'),
(6, 'TRK-9012-TX', 'Other', 35.00, '2026-06-15', 'Weigh station certified scale fee.'),
(7, 'TRK-9014-IL', 'Toll', 92.40, '2026-06-14', 'Illinois Tollway I-90 & Ohio Turnpike charges.'),
(8, 'TRK-9014-IL', 'Insurance', 450.00, '2026-06-01', 'Monthly commercial auto fleet insurance premium.'),
(9, 'VAN-4020-NY', 'Toll', 28.00, '2026-06-18', 'New York State Thruway toll fee.'),
(10, 'VAN-4020-NY', 'Insurance', 220.00, '2026-06-01', 'Monthly van commercial liability insurance.'),
(11, 'VAN-4021-CA', 'Other', 45.00, '2026-06-11', 'Emergency tire patch and roadside puncture repair.'),
(12, 'VAN-4022-TX', 'Insurance', 220.00, '2026-06-01', 'Monthly van commercial liability insurance.'),
(13, 'VAN-4024-GA', 'Toll', 18.50, '2026-06-16', 'Georgia Express Lanes electronic toll.'),
(14, 'REF-7030-OH', 'Permit', 150.00, '2026-06-05', 'Annual USDA food safety transport sanitation permit.'),
(15, 'REF-7031-MI', 'Insurance', 310.00, '2026-06-01', 'Monthly reefer cargo temperature loss coverage.'),
(16, 'REF-7032-PA', 'Toll', 74.00, '2026-06-25', 'Pennsylvania Turnpike commercial trailer fee.'),
(17, 'FLT-5040-AZ', 'Permit', 210.00, '2026-06-10', 'Oversize load interstate transportation permit.'),
(18, 'FLT-5041-CO', 'Insurance', 300.00, '2026-06-01', 'Monthly heavy flatbed cargo tie-down insurance.'),
(19, 'SDN-1050-NY', 'Other', 40.00, '2026-06-14', 'Airport executive terminal parking surcharge.'),
(20, 'SDN-1051-CA', 'Insurance', 160.00, '2026-06-01', 'Monthly executive sedan passenger liability coverage.'),
(21, 'TRK-9015-PA', 'Insurance', 450.00, '2026-06-01', 'Monthly commercial auto fleet insurance premium.'),
(22, 'TRK-9016-OH', 'Toll', 78.20, '2026-06-04', 'Ohio Turnpike and Pennsylvania border crossing.'),
(23, 'TRK-9017-GA', 'Permit', 135.00, '2026-06-08', 'Multi-state heavy haul transportation permit.'),
(24, 'TRK-9018-NC', 'Insurance', 450.00, '2026-06-01', 'Monthly commercial auto fleet insurance premium.'),
(25, 'TRK-9019-MI', 'Toll', 84.00, '2026-06-12', 'Ambassador Bridge international border toll.'),
(26, 'TRK-9020-VA', 'Fine', 150.00, '2026-06-16', 'Minor weigh station axle overweight fine.'),
(27, 'TRK-9021-WA', 'Insurance', 450.00, '2026-06-01', 'Monthly commercial auto fleet insurance premium.'),
(28, 'TRK-9024-TN', 'Toll', 62.50, '2026-06-20', 'Interstate tollway pass refill.'),
(29, 'TRK-9025-IN', 'Permit', 110.00, '2026-06-24', 'Indiana Department of Transportation freight permit.'),
(30, 'TRK-9026-MO', 'Insurance', 450.00, '2026-06-01', 'Monthly commercial auto fleet insurance premium.'),
(31, 'TRK-9028-WI', 'Other', 55.00, '2026-06-28', 'Commercial truck wash and trailer sanitation.'),
(32, 'TRK-9029-MN', 'Toll', 72.00, '2026-07-02', 'Regional interstate electronic toll pass.'),
(33, 'VAN-4025-PA', 'Insurance', 220.00, '2026-06-01', 'Monthly van commercial liability insurance.'),
(34, 'VAN-4026-OH', 'Toll', 24.50, '2026-06-05', 'Metropolitan express lane toll pass.'),
(35, 'VAN-4027-FL', 'Other', 38.00, '2026-06-09', 'Customer delivery dock parking fee.'),
(36, 'VAN-4028-NC', 'Insurance', 220.00, '2026-06-01', 'Monthly van commercial liability insurance.'),
(37, 'VAN-4030-VA', 'Permit', 85.00, '2026-06-13', 'City commercial delivery parking decal.'),
(38, 'VAN-4031-AZ', 'Toll', 19.00, '2026-06-17', 'Desert express corridor toll fee.'),
(39, 'VAN-4032-CO', 'Insurance', 220.00, '2026-06-01', 'Monthly van commercial liability insurance.'),
(40, 'VAN-4034-IN', 'Other', 42.00, '2026-06-21', 'Mobile windshield chip repair service.'),
(41, 'VAN-4037-WI', 'Toll', 26.00, '2026-06-25', 'Illinois tollway transponder charge.'),
(42, 'VAN-4038-MN', 'Insurance', 220.00, '2026-06-01', 'Monthly van commercial liability insurance.'),
(43, 'VAN-4039-SC', 'Permit', 75.00, '2026-06-29', 'State commercial freight delivery registration.'),
(44, 'REF-7033-GA', 'Insurance', 310.00, '2026-06-01', 'Monthly reefer cargo temperature loss coverage.'),
(45, 'REF-7034-FL', 'Permit', 160.00, '2026-06-06', 'Florida Department of Agriculture cold food transport permit.'),
(46, 'REF-7035-NC', 'Toll', 68.40, '2026-06-10', 'Mid-Atlantic express tollway charges.'),
(47, 'REF-7036-TX', 'Insurance', 310.00, '2026-06-01', 'Monthly reefer cargo temperature loss coverage.'),
(48, 'REF-7037-CA', 'Other', 65.00, '2026-06-14', 'Refrigeration trailer washout and sanitization.'),
(49, 'REF-7038-NY', 'Toll', 82.00, '2026-06-18', 'Thruway commercial refrigerated trailer fee.'),
(50, 'REF-7039-IL', 'Insurance', 310.00, '2026-06-01', 'Monthly reefer cargo temperature loss coverage.'),
(51, 'FLT-5042-UT', 'Permit', 195.00, '2026-06-02', 'Multi-state wide load transportation permit.'),
(52, 'FLT-5043-NV', 'Insurance', 300.00, '2026-06-01', 'Monthly heavy flatbed cargo tie-down insurance.'),
(53, 'FLT-5044-OR', 'Toll', 76.50, '2026-06-07', 'Interstate bridge and highway toll pass.'),
(54, 'FLT-5045-ID', 'Other', 50.00, '2026-06-11', 'Heavy-duty tarp rental and tie-down strap replacement.'),
(55, 'FLT-5046-MT', 'Insurance', 300.00, '2026-06-01', 'Monthly heavy flatbed cargo tie-down insurance.'),
(56, 'FLT-5047-WY', 'Permit', 180.00, '2026-06-15', 'Wyoming heavy timber transport compliance fee.'),
(57, 'FLT-5048-NM', 'Toll', 71.00, '2026-06-19', 'Southwest express corridor toll fee.'),
(58, 'SDN-1052-TX', 'Insurance', 160.00, '2026-06-01', 'Monthly executive sedan passenger liability coverage.'),
(59, 'SDN-1053-FL', 'Other', 35.00, '2026-06-05', 'Airport VIP terminal greeting and parking fee.'),
(60, 'SDN-1054-IL', 'Toll', 18.00, '2026-06-09', 'Chicago downtown express lanes transponder.'),
(61, 'SDN-1056-OH', 'Insurance', 160.00, '2026-06-01', 'Monthly executive sedan passenger liability coverage.'),
(62, 'SDN-1057-GA', 'Other', 45.00, '2026-06-13', 'Executive vehicle detailing and interior sanitization.'),
(63, 'SDN-1058-NC', 'Toll', 16.50, '2026-06-17', 'Regional toll road electronic pass.'),
(64, 'SDN-1059-MI', 'Insurance', 160.00, '2026-06-01', 'Monthly executive sedan passenger liability coverage.'),
(65, 'TRK-9010-NY', 'Toll', 88.00, '2026-06-28', 'George Washington Bridge & I-95 toll charges.'),
(66, 'TRK-9011-CA', 'Other', 40.00, '2026-07-02', 'Weigh station certified scale fee.'),
(67, 'VAN-4020-NY', 'Toll', 30.00, '2026-07-06', 'New York State Thruway toll fee.'),
(68, 'REF-7030-OH', 'Other', 70.00, '2026-06-25', 'Refrigeration trailer washout and sanitization.'),
(69, 'FLT-5040-AZ', 'Toll', 75.00, '2026-06-26', 'Interstate bridge and highway toll pass.'),
(70, 'SDN-1050-NY', 'Other', 42.00, '2026-06-28', 'Airport executive terminal parking surcharge.');
